10624,ACC402,UBa/HIMS01/13/0003,ACCOUNTANCY,400,2,2013/2014,18,42,0,0,0,0
10625,ACC402,Uba/HIMS01/13/0005,ACCOUNTANCY,400,2,2013/2014,20,47,0,0,0,0
10626,ACC402,Uba/HIMS01/13/0017,ACCOUNTANCY,400,2,2013/2014,18,42,0,0,0,0
10627,ACC402,UB/HIMS01/13/0020,ACCOUNTANCY,400,2,2013/2014,21,49,0,0,0,0
10628,ACC402,UBa/HIMS01/13/0024,ACCOUNTANCY,400,2,2013/2014,20,47,0,0,0,0
10629,ACC402,UBa/HIMS01/13/0028,ACCOUNTANCY,400,2,2013/2014,16,37,0,0,0,0
10630,ACC402,UBa/HIMS01/13/0034,ACCOUNTANCY,400,2,2013/2014,18,42,0,0,0,0
10631,ACC402,UBa/HIMS01/13/0035,ACCOUNTANCY,400,2,2013/2014,21,49,3.5,6,0,0
10632,ACC402,UBa/HIMS01/13/0037,ACCOUNTANCY,400,2,2013/2014,20,46,0,0,0,0
10633,ACC402,UBa/HIMS01/13/0048,ACCOUNTANCY,400,2,2013/2014,19,45,0,0,0,0
10634,ACC402,UBa/HIMS01/13/0055,ACCOUNTANCY,400,2,2013/2014,13,31,0,0,0,0
10635,ACC402,UBa/HIMS01/13/0064,ACCOUNTANCY,400,2,2013/2014,18,43,0,0,0,0
10636,ACC402,UBa/HIMS01/13/0065,ACCOUNTANCY,400,2,2013/2014,22,52,0,0,0,0
10637,ACC402,UBa/HIMS01/13/0079,ACCOUNTANCY,400,2,2013/2014,26,61,0,0,0,0
10638,ACC402,UBa/HIMS01/13/0083,ACCOUNTANCY,400,2,2013/2014,23,53,0,0,0,0
10639,ACC402,UBa/HIMS01/13/0086,ACCOUNTANCY,400,2,2013/2014,23,54,0,0,0,0
10640,ACC402,UBa/HIMS01/13/0101,ACCOUNTANCY,400,2,2013/2014,21,50,0,0,0,0
10641,ACC402,UBa/HIMS01/13/0103,ACCOUNTANCY,400,2,2013/2014,19,44,0,0,0,0
10642,ACC402,UBa/HIMS01/13/0089,ACCOUNTANCY,400,2,2013/2014,21,50,0,0,0,0
10643,ACC402,UBa/HIMS01/13/0113,ACCOUNTANCY,400,2,2013/2014,25,59,0,0,0,0
10644,ACC402,UBa/HIMS01/13/0119,ACCOUNTANCY,400,2,2013/2014,,,0,0,0,0
10645,ACC402,UBa/HIMS01/13/0118,ACCOUNTANCY,400,2,2013/2014,21,48,0,0,0,0
10646,ACC402,UBa/HIMS01/13/00144,ACCOUNTANCY,400,2,2013/2014,19,45,0,0,0,0
10647,,,,,,,,,,,,
10648,BNF402,UBa/HIMS01/13/0003,ACCOUNTANCY,400,2,2013/2014,19,44,0,0,0,0
10649,BNF402,Uba/HIMS01/13/0005,ACCOUNTANCY,400,2,2013/2014,9,47,0,0,0,0
10650,BNF402,Uba/HIMS01/13/0017,ACCOUNTANCY,400,2,2013/2014,13,27,0,0,0,0
10651,BNF402,UB/HIMS01/13/0020,ACCOUNTANCY,400,2,2013/2014,15,58,0,0,0,0
10652,BNF402,UBa/HIMS01/13/0024,ACCOUNTANCY,400,2,2013/2014,10,61,0,0,0,0
10653,BNF402,UBa/HIMS01/13/0028,ACCOUNTANCY,400,2,2013/2014,18,57,0,0,0,0
10654,BNF402,UBa/HIMS01/13/0034,ACCOUNTANCY,400,2,2013/2014,16,41,0,0,0,0
10655,BNF402,UBa/HIMS01/13/0035,ACCOUNTANCY,400,2,2013/2014,22,50,3.5,6,0,0
10656,BNF402,UBa/HIMS01/13/0037,ACCOUNTANCY,400,2,2013/2014,24,42,0,0,0,0
10657,BNF402,UBa/HIMS01/13/0048,ACCOUNTANCY,400,2,2013/2014,17,63,0,0,0,0
10658,BNF402,UBa/HIMS01/13/0055,ACCOUNTANCY,400,2,2013/2014,12,41,0,0,0,0
10659,BNF402,UBa/HIMS01/13/0064,ACCOUNTANCY,400,2,2013/2014,11,59,0,0,0,0
10660,BNF402,UBa/HIMS01/13/0065,ACCOUNTANCY,400,2,2013/2014,17,49,0,0,0,0
10661,BNF402,UBa/HIMS01/13/0079,ACCOUNTANCY,400,2,2013/2014,19,45,0,0,0,0
10662,BNF402,UBa/HIMS01/13/0083,ACCOUNTANCY,400,2,2013/2014,18,58,0,0,0,0
10663,BNF402,UBa/HIMS01/13/0086,ACCOUNTANCY,400,2,2013/2014,14,53,0,0,0,0
10664,BNF402,UBa/HIMS01/13/0101,ACCOUNTANCY,400,2,2013/2014,11,48,0,0,0,0
10665,BNF402,UBa/HIMS01/13/0103,ACCOUNTANCY,400,2,2013/2014,12,61,0,0,0,0
10666,BNF402,UBa/HIMS01/13/0089,ACCOUNTANCY,400,2,2013/2014,15,50,0,0,0,0
10667,BNF402,UBa/HIMS01/13/0113,ACCOUNTANCY,400,2,2013/2014,13,53,0,0,0,0
10668,BNF402,UBa/HIMS01/13/0119,ACCOUNTANCY,400,2,2013/2014,,,0,0,0,0
10669,BNF402,UBa/HIMS01/13/0118,ACCOUNTANCY,400,2,2013/2014,14,48,0,0,0,0
10670,BNF402,UBa/HIMS01/13/00144,ACCOUNTANCY,400,2,2013/2014,15,48,0,0,0,0
10671,,,,,,,,,,,,
10672,ENT408,UBa/HIMS01/13/0003,ACCOUNTANCY,400,2,2013/2014,17,48,0,0,0,0
10673,ENT408,Uba/HIMS01/13/0005,ACCOUNTANCY,400,2,2013/2014,12,43,0,0,0,0
10674,ENT408,Uba/HIMS01/13/0017,ACCOUNTANCY,400,2,2013/2014,22,51,0,0,0,0
10675,ENT408,UB/HIMS01/13/0020,ACCOUNTANCY,400,2,2013/2014,17,47,0,0,0,0
10676,ENT408,UBa/HIMS01/13/0024,ACCOUNTANCY,400,2,2013/2014,22,48,0,0,0,0
10677,ENT408,UBa/HIMS01/13/0028,ACCOUNTANCY,400,2,2013/2014,20,48,0,0,0,0
10678,ENT408,UBa/HIMS01/13/0034,ACCOUNTANCY,400,2,2013/2014,19,47,0,0,0,0
10679,ENT408,UBa/HIMS01/13/0035,ACCOUNTANCY,400,2,2013/2014,27,52,3.5,6,0,0
10680,ENT408,UBa/HIMS01/13/0037,ACCOUNTANCY,400,2,2013/2014,20,53,0,0,0,0
10681,ENT408,UBa/HIMS01/13/0048,ACCOUNTANCY,400,2,2013/2014,24,55,0,0,0,0
10682,ENT408,UBa/HIMS01/13/0055,ACCOUNTANCY,400,2,2013/2014,,57,0,0,0,0
10683,ENT408,UBa/HIMS01/13/0064,ACCOUNTANCY,400,2,2013/2014,25,61,0,0,0,0
10684,ENT408,UBa/HIMS01/13/0065,ACCOUNTANCY,400,2,2013/2014,22,45,0,0,0,0
10685,ENT408,UBa/HIMS01/13/0079,ACCOUNTANCY,400,2,2013/2014,20,55,0,0,0,0
10686,ENT408,UBa/HIMS01/13/0083,ACCOUNTANCY,400,2,2013/2014,22,52,0,0,0,0
10687,ENT408,UBa/HIMS01/13/0086,ACCOUNTANCY,400,2,2013/2014,22,42,0,0,0,0
10688,ENT408,UBa/HIMS01/13/0101,ACCOUNTANCY,400,2,2013/2014,24,52,0,0,0,0
10689,ENT408,UBa/HIMS01/13/0103,ACCOUNTANCY,400,2,2013/2014,23,50,0,0,0,0
10690,ENT408,UBa/HIMS01/13/0089,ACCOUNTANCY,400,2,2013/2014,18,51,0,0,0,0
10691,ENT408,UBa/HIMS01/13/0113,ACCOUNTANCY,400,2,2013/2014,24,50,0,0,0,0
10692,ENT408,UBa/HIMS01/13/0119,ACCOUNTANCY,400,2,2013/2014,,,0,0,0,0
10693,ENT408,UBa/HIMS01/13/0118,ACCOUNTANCY,400,2,2013/2014,,43,0,0,0,0
10694,ENT408,UBa/HIMS01/13/0144,ACCOUNTANCY,400,2,2013/2014,21,58,0,0,0,0
10695,,,,,,,,,,,,
10696,ACC406,UBa/HIMS01/13/0003,ACCOUNTANCY,400,2,2013/2014,24,64,0,0,0,0
10697,ACC406,Uba/HIMS01/13/0005,ACCOUNTANCY,400,2,2013/2014,19,58,0,0,0,0
10698,ACC406,Uba/HIMS01/13/0017,ACCOUNTANCY,400,2,2013/2014,18,60,0,0,0,0
10699,ACC406,UB/HIMS01/13/0020,ACCOUNTANCY,400,2,2013/2014,16,60,0,0,0,0
10700,ACC406,UBa/HIMS01/13/0024,ACCOUNTANCY,400,2,2013/2014,18,56,0,0,0,0
10701,ACC406,UBa/HIMS01/13/0028,ACCOUNTANCY,400,2,2013/2014,20,60,0,0,0,0
10702,ACC406,UBa/HIMS01/13/0034,ACCOUNTANCY,400,2,2013/2014,23,42,0,0,0,0
10703,ACC406,UBa/HIMS01/13/0035,ACCOUNTANCY,400,2,2013/2014,28,66,4,6,0,0
10704,ACC406,UBa/HIMS01/13/0037,ACCOUNTANCY,400,2,2013/2014,14,54,0,0,0,0
10705,ACC406,UBa/HIMS01/13/0048,ACCOUNTANCY,400,2,2013/2014,12,56,0,0,0,0
10706,ACC406,UBa/HIMS01/13/0055,ACCOUNTANCY,400,2,2013/2014,20,20,0,0,0,0
10707,ACC406,UBa/HIMS01/13/0064,ACCOUNTANCY,400,2,2013/2014,21,62,0,0,0,0
10708,ACC406,UBa/HIMS01/13/0065,ACCOUNTANCY,400,2,2013/2014,13,52,0,0,0,0
10709,ACC406,UBa/HIMS01/13/0079,ACCOUNTANCY,400,2,2013/2014,,66,0,0,0,0
10710,ACC406,UBa/HIMS01/13/0083,ACCOUNTANCY,400,2,2013/2014,26,56,0,0,0,0
10711,ACC406,UBa/HIMS01/13/0086,ACCOUNTANCY,400,2,2013/2014,13,48,0,0,0,0
10712,ACC406,UBa/HIMS01/13/0101,ACCOUNTANCY,400,2,2013/2014,15,64,0,0,0,0
10713,ACC406,UBa/HIMS01/13/0103,ACCOUNTANCY,400,2,2013/2014,18,56,0,0,0,0
10714,ACC406,UBa/HIMS01/13/0089,ACCOUNTANCY,400,2,2013/2014,20,50,0,0,0,0
10715,ACC406,UBa/HIMS01/13/0113,ACCOUNTANCY,400,2,2013/2014,12,48,0,0,0,0
10716,ACC406,UBa/HIMS01/13/0119,ACCOUNTANCY,400,2,2013/2014,,,0,0,0,0
10717,ACC406,UBa/HIMS01/13/0118,ACCOUNTANCY,400,2,2013/2014,15,60,0,0,0,0
10718,ACC406,UBa/HIMS01/13/0144,ACCOUNTANCY,400,2,2013/2014,15,48,0,0,0,0
10719,,,,,,,,,,,,
10720,,,,,,,,,,,,
10721,BNF404,UBa/HIMS02/13/0004,BANKING AND FINANCE,400,2,2013/2014,14,36,0,1,0,0
10722,BNF404,UBa/HIMS02/13/0006,BANKING AND FINANCE,400,2,2013/2014,21,36,0,1.5,0,0
10723,BNF404,UBa/HIMS02/13/0009,BANKING AND FINANCE,400,2,2013/2014,10,31,0,0,0,0
10724,BNF404,UBa/HIMS02/13/0010,BANKING AND FINANCE,400,2,2013/2014,24,49,0,3,0,0
10725,BNF404,UBa/HIMS02/13/0022,BANKING AND FINANCE,400,2,2013/2014,19,37,0,1.5,0,0
10726,BNF404,UBa/HIMS02/13/0025,BANKING AND FINANCE,400,2,2013/2014,27,46,0,3,0,0
10727,BNF404,UBa/HIMS02/13/0027,BANKING AND FINANCE,400,2,2013/2014,28,54,0,3.5,0,0
10728,BNF404,UBa/HIMS02/13/0032,BANKING AND FINANCE,400,2,2013/2014,20,33,0,0,0,0
10729,BNF404,UBa/HIMS02/13/0033,BANKING AND FINANCE,400,2,2013/2014,27,53,0,3.5,0,0
10730,BNF404,UBa/HIMS02/13/0038,BANKING AND FINANCE,400,2,2013/2014,28,37,0,2.5,0,0
10731,BNF404,UBa/HIMS02/13/0040,BANKING AND FINANCE,400,2,2013/2014,22,29,0,1,0,0
10732,BNF404,UBa/HIMS02/13/0041,BANKING AND FINANCE,400,2,2013/2014,28,53,0,3.5,0,0
10733,BNF404,UBa/HIMS02/13/0045,BANKING AND FINANCE,400,2,2013/2014,17,26,0,0,0,0
10734,BNF404,UBa/HIMS02/13/0046,BANKING AND FINANCE,400,2,2013/2014,10,21,0,0,0,0
10735,BNF404,UBa/HIMS02/13/0050,BANKING AND FINANCE,400,2,2013/2014,17,33,0,1,0,0
10736,BNF404,UBa/HIMS02/13/0051,BANKING AND FINANCE,400,2,2013/2014,20,20,0,0,0,0
10737,BNF404,UBa/HIMS02/13/0054,BANKING AND FINANCE,400,2,2013/2014,23,,0,0,0,0
10738,BNF404,UBa/HIMS02/13/0059,BANKING AND FINANCE,400,2,2013/2014,17,25,0,0,0,0
10739,BNF404,UBa/HIMS02/13/0062,BANKING AND FINANCE,400,2,2013/2014,15,42,0,1.5,0,0
10740,BNF404,UBa/HIMS02/13/0068,BANKING AND FINANCE,400,2,2013/2014,16,,0,0,0,0
10741,BNF404,UBa/HIMS02/13/0072,BANKING AND FINANCE,400,2,2013/2014,19,53,0,0,0,0
10742,BNF404,UBa/HIMS02/13/0076,BANKING AND FINANCE,400,2,2013/2014,20,30,2,1,0,0
10743,BNF404,UBa/HIMS02/13/0078,BANKING AND FINANCE,400,2,2013/2014,23,59,0,3.5,0,0
10744,BNF404,UBa/HIMS02/13/0077,BANKING AND FINANCE,400,2,2013/2014,16,29,0,0,0,0
10745,BNF404,UBa/HIMS02/13/0069,BANKING AND FINANCE,400,2,2013/2014,18,42,0,0,0,0
10746,BNF404,UBa/HIMS02/13/0092,BANKING AND FINANCE,400,2,2013/2014,22,33,0,1.5,0,0
10747,BNF404,UBa/HIMS02/13/0100,BANKING AND FINANCE,400,2,2013/2014,17,29,0,0,0,0
10748,BNF404,UBa/HIMS02/13/0094,BANKING AND FINANCE,400,2,2013/2014,17,28,0,0,0,0
10749,BNF404,UBa/HIMS02/13/0128,BANKING AND FINANCE,400,2,2013/2014,18,,0,0,0,0
10750,BNF404,UBa/HIMS02/13/0090,BANKING AND FINANCE,400,2,2013/2014,29,52,0,3.5,0,0
10751,BNF404,UBa/HIMS02/13/0116,BANKING AND FINANCE,400,2,2013/2014,22,41,0,2,0,0
10752,BNF404,UBa/HIMS02/13/0088,BANKING AND FINANCE,400,2,2013/2014,20,29,0,0,0,0
10753,BNF404,UBa/HIMS02/13/0126,BANKING AND FINANCE,400,2,2013/2014,,,0,,0,0
10754,BNF404,UBa/HIMS02/13/0132,BANKING AND FINANCE,400,2,2013/2014,,,0,,0,0
10755,BNF404,UBa/HIMS02/13/0099,BANKING AND FINANCE,400,2,2013/2014,21,35,0,2.5,0,0
10756,BNF404,UBa/HIMS02/13/0135,BANKING AND FINANCE,400,2,2013/2014,19,30,0,0,0,0
10757,BNF404,UBa/HIMS02/13/0096,BANKING AND FINANCE,400,2,2013/2014,7,28,0,0,0,0
10758,,,,,,,,,,,,
10759,BNF402,UBa/HIMS02/13/0004,BANKING AND FINANCE,400,2,2013/2014,14,30,0,0,0,0
10760,BNF402,UBa/HIMS02/13/0006,BANKING AND FINANCE,400,2,2013/2014,11,57,0,1.5,0,0
10761,BNF402,UBa/HIMS02/13/0009,BANKING AND FINANCE,400,2,2013/2014,12,,0,0,0,0
10762,BNF402,UBa/HIMS02/13/0010,BANKING AND FINANCE,400,2,2013/2014,14,60,0,3,0,0
10763,BNF402,UBa/HIMS02/13/0022,BANKING AND FINANCE,400,2,2013/2014,11,41,0,1,0,0
10764,BNF402,UBa/HIMS02/13/0025,BANKING AND FINANCE,400,2,2013/2014,16,56,0,3,0,0
10765,BNF402,UBa/HIMS02/13/0027,BANKING AND FINANCE,400,2,2013/2014,19,66,0,3.5,0,0
10766,BNF402,UBa/HIMS02/13/0032,BANKING AND FINANCE,400,2,2013/2014,12,56,0,0,0,0
10767,BNF402,UBa/HIMS02/13/0033,BANKING AND FINANCE,400,2,2013/2014,18,45,0,2,0,0
10768,BNF402,UBa/HIMS02/13/0038,BANKING AND FINANCE,400,2,2013/2014,15,45,0,2,0,0
10769,BNF402,UBa/HIMS02/13/0040,BANKING AND FINANCE,400,2,2013/2014,14,45,0,1.5,0,0
10770,BNF402,UBa/HIMS02/13/0041,BANKING AND FINANCE,400,2,2013/2014,20,49,0,2.5,0,0
10771,BNF402,UBa/HIMS02/13/0045,BANKING AND FINANCE,400,2,2013/2014,16,40,0,1.5,0,0
10772,BNF402,UBa/HIMS02/13/0046,BANKING AND FINANCE,400,2,2013/2014,13,34,0,0,0,0
10773,BNF402,UBa/HIMS02/13/0050,BANKING AND FINANCE,400,2,2013/2014,13,46,0,1.5,0,0
10774,BNF402,UBa/HIMS02/13/0051,BANKING AND FINANCE,400,2,2013/2014,14,40,0,1,0,0
10775,BNF402,UBa/HIMS02/13/0054,BANKING AND FINANCE,400,2,2013/2014,15,58,0,3,0,0
10776,BNF402,UBa/HIMS02/13/0059,BANKING AND FINANCE,400,2,2013/2014,17,20,0,0,0,0
10777,BNF402,UBa/HIMS02/13/0062,BANKING AND FINANCE,400,2,2013/2014,15,50,0,1,0,0
10778,BNF402,UBa/HIMS02/13/0068,BANKING AND FINANCE,400,2,2013/2014,15,33,0,0,0,0
10779,BNF402,UBa/HIMS02/13/0072,BANKING AND FINANCE,400,2,2013/2014,20,56,0,0,0,0
10780,BNF402,UBa/HIMS02/13/0076,BANKING AND FINANCE,400,2,2013/2014,14,57,3.5,3,0,0
10781,BNF402,UBa/HIMS02/13/0078,BANKING AND FINANCE,400,2,2013/2014,20,59,0,3,0,0
10782,BNF402,UBa/HIMS02/13/0077,BANKING AND FINANCE,400,2,2013/2014,11,29,0,0,0,0
10783,BNF402,UBa/HIMS02/13/0069,BANKING AND FINANCE,400,2,2013/2014,17,51,0,2.5,0,0
10784,BNF402,UBa/HIMS02/13/0092,BANKING AND FINANCE,400,2,2013/2014,15,32,0,0,0,0
10785,BNF402,UBa/HIMS02/13/0100,BANKING AND FINANCE,400,2,2013/2014,13,45,0,0,0,0
10786,BNF402,UBa/HIMS02/13/0094,BANKING AND FINANCE,400,2,2013/2014,,33,0,,0,0
10787,BNF402,UBa/HIMS02/13/0128,BANKING AND FINANCE,400,2,2013/2014,14,42,0,1.5,0,0
10788,BNF402,UBa/HIMS02/13/0090,BANKING AND FINANCE,400,2,2013/2014,,46,0,,0,0
10789,BNF402,UBa/HIMS02/13/0116,BANKING AND FINANCE,400,2,2013/2014,12,37,0,0,0,0
10790,BNF402,UBa/HIMS02/13/0088,BANKING AND FINANCE,400,2,2013/2014,12,39,0,0,0,0
10791,BNF402,UBa/HIMS02/13/0126,BANKING AND FINANCE,400,2,2013/2014,,,0,,0,0
10792,BNF402,UBa/HIMS02/13/0132,BANKING AND FINANCE,400,2,2013/2014,,,0,,0,0
10793,BNF402,UBa/HIMS02/13/0099,BANKING AND FINANCE,400,2,2013/2014,17,38,0,,0,0
10794,BNF402,UBa/HIMS02/13/0135,BANKING AND FINANCE,400,2,2013/2014,13,27,0,0,0,0
10795,BNF402,UBa/HIMS02/13/0096,BANKING AND FINANCE,400,2,2013/2014,,17,0,0,0,0
10796,,,,,,,,,,,,
10797,BNF406,UBa/HIMS02/13/0004,BANKING AND FINANCE,400,2,2013/2014,24,45,0,3,0,0
10798,BNF406,UBa/HIMS02/13/0006,BANKING AND FINANCE,400,2,2013/2014,20,57,0,3.5,0,0
10799,BNF406,UBa/HIMS02/13/0009,BANKING AND FINANCE,400,2,2013/2014,,39,0,,0,0
10800,BNF406,UBa/HIMS02/13/0010,BANKING AND FINANCE,400,2,2013/2014,21,63,0,3.5,0,0
10801,BNF406,UBa/HIMS02/13/0022,BANKING AND FINANCE,400,2,2013/2014,20,51,0,3,0,0
10802,BNF406,UBa/HIMS02/13/0025,BANKING AND FINANCE,400,2,2013/2014,6,37,0,0,0,0
10803,BNF406,UBa/HIMS02/13/0027,BANKING AND FINANCE,400,2,2013/2014,20,59,0,3.5,0,0
10804,BNF406,UBa/HIMS02/13/0032,BANKING AND FINANCE,400,2,2013/2014,8,53,0,0,0,0
10805,BNF406,UBa/HIMS02/13/0033,BANKING AND FINANCE,400,2,2013/2014,22,63,0,4,0,0
10806,BNF406,UBa/HIMS02/13/0038,BANKING AND FINANCE,400,2,2013/2014,16,51,0,3,0,0
10807,BNF406,UBa/HIMS02/13/0040,BANKING AND FINANCE,400,2,2013/2014,20,53,0,3,0,0
10808,BNF406,UBa/HIMS02/13/0041,BANKING AND FINANCE,400,2,2013/2014,23,41,0,2.5,0,0
10809,BNF406,UBa/HIMS02/13/0045,BANKING AND FINANCE,400,2,2013/2014,20,41,0,2.5,0,0
10810,BNF406,UBa/HIMS02/13/0046,BANKING AND FINANCE,400,2,2013/2014,19,37,0,2,0,0
10811,BNF406,UBa/HIMS02/13/0050,BANKING AND FINANCE,400,2,2013/2014,10,23,0,0,0,0
10812,BNF406,UBa/HIMS02/13/0051,BANKING AND FINANCE,400,2,2013/2014,19,53,0,3,0,0
10813,BNF406,UBa/HIMS02/13/0054,BANKING AND FINANCE,400,2,2013/2014,23,51,0,3,0,0
10814,BNF406,UBa/HIMS02/13/0059,BANKING AND FINANCE,400,2,2013/2014,,19,0,0,0,0
10815,BNF406,UBa/HIMS02/13/0062,BANKING AND FINANCE,400,2,2013/2014,19,21,0,0,0,0
10816,BNF406,UBa/HIMS02/13/0068,BANKING AND FINANCE,400,2,2013/2014,20,35,0,2,0,0
10817,BNF406,UBa/HIMS02/13/0072,BANKING AND FINANCE,400,2,2013/2014,24,49,0,0,0,0
10818,BNF406,UBa/HIMS02/13/0076,BANKING AND FINANCE,400,2,2013/2014,0,31,0,0,0,0
10819,BNF406,UBa/HIMS02/13/0078,BANKING AND FINANCE,400,2,2013/2014,20,65,0,4,0,0
10820,BNF406,UBa/HIMS02/13/0077,BANKING AND FINANCE,400,2,2013/2014,15,41,0,2,0,0
10821,BNF406,UBa/HIMS02/13/0069,BANKING AND FINANCE,400,2,2013/2014,16,41,0,2,0,0
10822,BNF406,UBa/HIMS02/13/0092,BANKING AND FINANCE,400,2,2013/2014,15,39,0,1.5,0,0
10823,BNF406,UBa/HIMS02/13/0100,BANKING AND FINANCE,400,2,2013/2014,22,49,0,0,0,0
10824,BNF406,UBa/HIMS02/13/0094,BANKING AND FINANCE,400,2,2013/2014,17,13,0,0,0,0
10825,BNF406,UBa/HIMS02/13/0128,BANKING AND FINANCE,400,2,2013/2014,22,45,0,3,0,0
10826,BNF406,UBa/HIMS02/13/0090,BANKING AND FINANCE,400,2,2013/2014,,67,0,,0,0
10827,BNF406,UBa/HIMS02/13/0116,BANKING AND FINANCE,400,2,2013/2014,19,57,0,3.5,0,0
10828,BNF406,UBa/HIMS02/13/0088,BANKING AND FINANCE,400,2,2013/2014,,31,0,0,0,0
10829,BNF406,UBa/HIMS02/13/0126,BANKING AND FINANCE,400,2,2013/2014,,,0,,0,0
10830,BNF406,UBa/HIMS02/13/0132,BANKING AND FINANCE,400,2,2013/2014,,,0,,0,0
10831,BNF406,UBa/HIMS02/13/0099,BANKING AND FINANCE,400,2,2013/2014,20,47,0,3,0,0
10832,BNF406,UBa/HIMS02/13/0135,BANKING AND FINANCE,400,2,2013/2014,17,37,0,1.5,0,0
10833,BNF406,UBa/HIMS02/13/0096,BANKING AND FINANCE,400,2,2013/2014,22,47,0,0,0,0
10834,,,,,,,,,,,,
10835,ENT408,UBa/HIMS02/13/0004,BANKING AND FINANCE,400,2,2013/2014,,48,0,1,0,0
10836,ENT408,UBa/HIMS02/13/0006,BANKING AND FINANCE,400,2,2013/2014,20,50,0,3,0,0
10837,ENT408,UBa/HIMS02/13/0009,BANKING AND FINANCE,400,2,2013/2014,,51,0,1.5,0,0
10838,ENT408,UBa/HIMS02/13/0010,BANKING AND FINANCE,400,2,2013/2014,21,59,0,3.5,0,0
10839,ENT408,UBa/HIMS02/13/0022,BANKING AND FINANCE,400,2,2013/2014,18,61,0,3.5,0,0
10840,ENT408,UBa/HIMS02/13/0025,BANKING AND FINANCE,400,2,2013/2014,16,39,0,2,0,0
10841,ENT408,UBa/HIMS02/13/0027,BANKING AND FINANCE,400,2,2013/2014,14,50,0,2.5,0,0
10842,ENT408,UBa/HIMS02/13/0032,BANKING AND FINANCE,400,2,2013/2014,20,55,0,0,0,0
10843,ENT408,UBa/HIMS02/13/0033,BANKING AND FINANCE,400,2,2013/2014,22,61,0,3.5,0,0
10844,ENT408,UBa/HIMS02/13/0038,BANKING AND FINANCE,400,2,2013/2014,22,57,0,3.5,0,0
10845,ENT408,UBa/HIMS02/13/0040,BANKING AND FINANCE,400,2,2013/2014,19,54,0,3,0,0
10846,ENT408,UBa/HIMS02/13/0041,BANKING AND FINANCE,400,2,2013/2014,17,55,0,3,0,0
10847,ENT408,UBa/HIMS02/13/0045,BANKING AND FINANCE,400,2,2013/2014,19,55,0,3,0,0
10848,ENT408,UBa/HIMS02/13/0046,BANKING AND FINANCE,400,2,2013/2014,21,52,0,3,0,0
10849,ENT408,UBa/HIMS02/13/0050,BANKING AND FINANCE,400,2,2013/2014,18,53,0,3,0,0
10850,ENT408,UBa/HIMS02/13/0051,BANKING AND FINANCE,400,2,2013/2014,23,54,0,3.5,0,0
10851,ENT408,UBa/HIMS02/13/0054,BANKING AND FINANCE,400,2,2013/2014,10,54,0,2.5,0,0
10852,ENT408,UBa/HIMS02/13/0059,BANKING AND FINANCE,400,2,2013/2014,,50,0,1.5,0,0
10853,ENT408,UBa/HIMS02/13/0062,BANKING AND FINANCE,400,2,2013/2014,,46,0,1,0,0
10854,ENT408,UBa/HIMS02/13/0068,BANKING AND FINANCE,400,2,2013/2014,21,28,0,1,0,0
10855,ENT408,UBa/HIMS02/13/0072,BANKING AND FINANCE,400,2,2013/2014,16,58,0,0,0,0
10856,ENT408,UBa/HIMS02/13/0076,BANKING AND FINANCE,400,2,2013/2014,10,56,3,3,0,0
10857,ENT408,UBa/HIMS02/13/0078,BANKING AND FINANCE,400,2,2013/2014,20,55,0,3.5,0,0
10858,ENT408,UBa/HIMS02/13/0077,BANKING AND FINANCE,400,2,2013/2014,,58,0,2,0,0
10859,ENT408,UBa/HIMS02/13/0069,BANKING AND FINANCE,400,2,2013/2014,18,57,0,3.5,0,0
10860,ENT408,UBa/HIMS02/13/0092,BANKING AND FINANCE,400,2,2013/2014,20,59,0,3.5,0,0
10861,ENT408,UBa/HIMS02/13/0100,BANKING AND FINANCE,400,2,2013/2014,,49,0,0,0,0
10862,ENT408,UBa/HIMS02/13/0094,BANKING AND FINANCE,400,2,2013/2014,23,21,0,0,0,0
10863,ENT408,UBa/HIMS02/13/0128,BANKING AND FINANCE,400,2,2013/2014,22,48,0,3,0,0
10864,ENT408,UBa/HIMS02/13/0090,BANKING AND FINANCE,400,2,2013/2014,28,27,0,2,0,0
10865,ENT408,UBa/HIMS02/13/0116,BANKING AND FINANCE,400,2,2013/2014,20,57,0,3.5,0,0
10866,ENT408,UBa/HIMS02/13/0088,BANKING AND FINANCE,400,2,2013/2014,10,54,0,0,0,0
10867,ENT408,UBa/HIMS02/13/0126,BANKING AND FINANCE,400,2,2013/2014,,,0,,0,0
10868,ENT408,UBa/HIMS02/13/0132,BANKING AND FINANCE,400,2,2013/2014,,,0,,0,0
10869,ENT408,UBa/HIMS02/13/0099,BANKING AND FINANCE,400,2,2013/2014,10,58,0,3,0,0
10870,ENT408,UBa/HIMS02/13/0135,BANKING AND FINANCE,400,2,2013/2014,15,56,0,3,0,0
10871,ENT408,UBa/HIMS02/13/0096,BANKING AND FINANCE,400,2,2013/2014,,56,0,0,0,0
10872,,,,,,,,,,,,
10873,MGT414,UBa/HIMS04/13/0001,MANAGEMENT,400,2,2013/2014,24,62,3.5,6,0,0
10874,MGT414,UBa/HIMS04/13/0008,MANAGEMENT,400,2,2013/2014,23,58,0,3.5,0,0
10875,MGT414,UBa/HIMS04/13/0012,MANAGEMENT,400,2,2013/2014,21,39,0,0,0,0
10876,MGT414,UBa/HIMS04/13/0013,MANAGEMENT,400,2,2013/2014,27,24,0,1,0,0
10877,MGT414,UBa/HIMS04/13/0021,MANAGEMENT,400,2,2013/2014,10,32,0,0,0,0
10878,MGT414,UBa/HIMS04/13/0022,MANAGEMENT,400,2,2013/2014,,,0,0,0,0
10879,MGT414,UBa/HIMS04/13/0030,MANAGEMENT,400,2,2013/2014,9,42,0,1,0,0
10880,MGT414,UBa/HIMS04/13/0031,MANAGEMENT,400,2,2013/2014,22,52,0,3,0,0
10881,MGT414,UBa/HIMS04/13/0036,MANAGEMENT,400,2,2013/2014,23,52,0,3,0,0
10882,MGT414,UBa/HIMS04/13/0042,MANAGEMENT,400,2,2013/2014,,,0,1.5,0,0
10883,MGT414,UBa/HIMS02/13/0043,MANAGEMENT,400,2,2013/2014,,,0,0,0,0
10884,MGT414,UBa/HIMS04/13/0047,MANAGEMENT,400,2,2013/2014,21,36,0,0,0,0
10885,MGT414,UBa/HIMS04/13/0049,MANAGEMENT,400,2,2013/2014,,,0,0,0,0
10886,MGT414,UBa/HIMS04/13/0052,MANAGEMENT,400,2,2013/2014,23,66,0,3.5,0,0
10887,MGT414,UBa/HIMS04/13/0053,MANAGEMENT,400,2,2013/2014,13,48,0,2,0,0
10888,MGT414,UBa/HIMS04/13/0056,MANAGEMENT,400,2,2013/2014,12,42,0,1,0,0
10889,MGT414,UBa/HIMS04/13/0060,MANAGEMENT,400,2,2013/2014,18,54,0,3,0,0
10890,MGT414,UBa/HIMS04/13/0061,MANAGEMENT,400,2,2013/2014,,,0,3,0,0
10891,MGT414,UBa/HIMS04/13/0066,MANAGEMENT,400,2,2013/2014,,,0,0,0,0
10892,MGT414,UBa/HIMS04/13/0067,MANAGEMENT,400,2,2013/2014,,,0,0,0,0
10893,MGT414,UBa/HIMS04/13/0075,MANAGEMENT,400,2,2013/2014,20,64,0,3.5,0,0
10894,MGT414,UBa/HIMS04/13/0082,MANAGEMENT,400,2,2013/2014,14,32,0,0,0,0
10895,MGT414,UBa/HIMS04/13/0084,MANAGEMENT,400,2,2013/2014,14,64,0,3,0,0
10896,MGT414,UBa/HIMS04/13/00091,MANAGEMENT,400,2,2013/2014,25,,0,0,0,0
10897,MGT414,UBa/HIMS04/13/0095,MANAGEMENT,400,2,2013/2014,6,36,0,0,0,0
10898,MGT414,UBa/HIMS04/13/0110,MANAGEMENT,400,2,2013/2014,,,0,0,0,0
10899,MGT414,UBa/HIMS04/13/0102,MANAGEMENT,400,2,2013/2014,,,0,0,0,0
10900,MGT414,UBa/HIMS04/13/0111,MANAGEMENT,400,2,2013/2014,,,0,2.5,0,0
10901,MGT414,UBa/HIMS04/13/0106,MANAGEMENT,400,2,2013/2014,,,0,0,0,0
10902,MGT414,UBa/HIMS04/13/0114,MANAGEMENT,400,2,2013/2014,,,0,0,0,0
10903,MGT414,UBa/HIMS04/13/0133,MANAGEMENT,400,2,2013/2014,18,44,0,2,0,0
10904,MGT414,UBa/HIMS04/13/0129,MANAGEMENT,400,2,2013/2014,8,32,0,0,0,0
10905,MGT414,UBa/HIMS04/13/0108,MANAGEMENT,400,2,2013/2014,,,0,0,0,0
10906,MGT414,UBa/HIMS04/13/0117,MANAGEMENT,400,2,2013/2014,17,34,0,1,0,0
10907,MGT414,UBa/HIMS04/13/0125,MANAGEMENT,400,2,2013/2014,14,14,0,0,0,0
10908,MGT414,UBa/HIMS04/13/0122,MANAGEMENT,400,2,2013/2014,0,,0,,0,0
10909,MGT414,UBa/HIMS04/13/0093,MANAGEMENT,400,2,2013/2014,0,18,0,0,0,0
10910,MGT414,UBa/HIMS05/13/0070,MANAGEMENT,400,2,2013/2014,,,0,0,0,0
10911,,,,,,,,,,,,
10912,MGT404,UBa/HIMS04/13/0001,MANAGEMENT,400,2,2013/2014,19,40,2.5,6,0,0
10913,MGT404,UBa/HIMS04/13/0008,MANAGEMENT,400,2,2013/2014,21,40,0,3,0,0
10914,MGT404,UBa/HIMS04/13/0012,MANAGEMENT,400,2,2013/2014,,,0,0,0,0
10915,MGT404,UBa/HIMS04/13/0013,MANAGEMENT,400,2,2013/2014,18,50,0,3,0,0
10916,MGT404,UBa/HIMS04/13/0021,MANAGEMENT,400,2,2013/2014,18,48,0,3,0,0
10917,MGT404,UBa/HIMS04/13/0022,MANAGEMENT,400,2,2013/2014,,,0,0,0,0
10918,MGT404,UBa/HIMS04/13/0030,MANAGEMENT,400,2,2013/2014,25,32,0,2.5,0,0
10919,MGT404,UBa/HIMS04/13/0031,MANAGEMENT,400,2,2013/2014,18,40,0,2.5,0,0
10920,MGT404,UBa/HIMS04/13/0036,MANAGEMENT,400,2,2013/2014,18,44,0,3,0,0
10921,MGT404,UBa/HIMS04/13/0042,MANAGEMENT,400,2,2013/2014,,,0,2.5,0,0
10922,MGT404,UBa/HIMS02/13/0043,MANAGEMENT,400,2,2013/2014,,,0,0,0,0
10923,MGT404,UBa/HIMS04/13/0047,MANAGEMENT,400,2,2013/2014,18,44,0,0,0,0
10924,MGT404,UBa/HIMS04/13/0049,MANAGEMENT,400,2,2013/2014,,,0,3,0,0
10925,MGT404,UBa/HIMS04/13/0052,MANAGEMENT,400,2,2013/2014,24,50,0,3.5,0,0
10926,MGT404,UBa/HIMS04/13/0053,MANAGEMENT,400,2,2013/2014,18,28,0,1.5,0,0
10927,MGT404,UBa/HIMS04/13/0056,MANAGEMENT,400,2,2013/2014,19,46,0,3,0,0
10928,MGT404,UBa/HIMS04/13/0060,MANAGEMENT,400,2,2013/2014,18,50,0,3,0,0
10929,MGT404,UBa/HIMS04/13/0061,MANAGEMENT,400,2,2013/2014,,,0,2.5,0,0
10930,MGT404,UBa/HIMS04/13/0066,MANAGEMENT,400,2,2013/2014,,,0,0,0,0
10931,MGT404,UBa/HIMS04/13/0067,MANAGEMENT,400,2,2013/2014,,,0,2.5,0,0
10932,MGT404,UBa/HIMS04/13/0075,MANAGEMENT,400,2,2013/2014,16,46,0,3,0,0
10933,MGT404,UBa/HIMS04/13/0082,MANAGEMENT,400,2,2013/2014,21,38,0,2.5,0,0
10934,MGT404,UBa/HIMS04/13/0084,MANAGEMENT,400,2,2013/2014,25,44,0,3,0,0
10935,MGT404,UBa/HIMS04/13/0091,MANAGEMENT,400,2,2013/2014,18,44,0,0,0,0
10936,MGT404,UBa/HIMS04/13/0095,MANAGEMENT,400,2,2013/2014,19,40,0,2.5,0,0
10937,MGT404,UBa/HIMS04/13/0110,MANAGEMENT,400,2,2013/2014,,,0,0,0,0
10938,MGT404,UBa/HIMS04/13/0102,MANAGEMENT,400,2,2013/2014,,,0,0,0,0
10939,MGT404,UBa/HIMS04/13/0111,MANAGEMENT,400,2,2013/2014,,,0,2.5,0,0
10940,MGT404,UBa/HIMS04/13/0106,MANAGEMENT,400,2,2013/2014,,,0,0,0,0
10941,MGT404,UBa/HIMS04/13/0114,MANAGEMENT,400,2,2013/2014,,,0,1.5,0,0
10942,MGT404,UBa/HIMS04/13/0133,MANAGEMENT,400,2,2013/2014,15,36,0,2,0,0
10943,MGT404,UBa/HIMS04/13/0129,MANAGEMENT,400,2,2013/2014,18,30,0,1.5,0,0
10944,MGT404,UBa/HIMS04/13/0108,MANAGEMENT,400,2,2013/2014,,,0,0,0,0
10945,MGT404,UBa/HIMS04/13/0117,MANAGEMENT,400,2,2013/2014,17,32,0,,0,0
10946,MGT404,UBa/HIMS04/13/0125,MANAGEMENT,400,2,2013/2014,21,36,0,2.5,0,0
10947,MGT404,UBa/HIMS04/13/0122,MANAGEMENT,400,2,2013/2014,,,0,,0,0
10948,MGT404,UBa/HIMS04/13/0093,MANAGEMENT,400,2,2013/2014,19,34,0,2,0,0
10949,MGT404,UBa/HIMS05/13/0070,MANAGEMENT,400,2,2013/2014,,,0,0,0,0
10950,,,,,,,,,,,,
10951,MGT402,UBa/HIMS04/13/0001,MANAGEMENT,400,2,2013/2014,22,50,3.5,6,0,0
10952,MGT402,UBa/HIMS04/13/0008,MANAGEMENT,400,2,2013/2014,18,43,0,3,0,0
10953,MGT402,UBa/HIMS04/13/0012,MANAGEMENT,400,2,2013/2014,19,43,0,0,0,0
10954,MGT402,UBa/HIMS04/13/0013,MANAGEMENT,400,2,2013/2014,21,48,0,3,0,0
10955,MGT402,UBa/HIMS04/13/0021,MANAGEMENT,400,2,2013/2014,20,50,0,3.5,0,0
10956,MGT402,UBa/HIMS04/13/0022,MANAGEMENT,400,2,2013/2014,,,0,0,0,0
10957,MGT402,UBa/HIMS04/13/0030,MANAGEMENT,400,2,2013/2014,23,52,0,3.5,0,0
10958,MGT402,UBa/HIMS04/13/0031,MANAGEMENT,400,2,2013/2014,19,43,0,3,0,0
10959,MGT402,UBa/HIMS04/13/0036,MANAGEMENT,400,2,2013/2014,18,44,0,3,0,0
10960,MGT402,UBa/HIMS04/13/0042,MANAGEMENT,400,2,2013/2014,,,0,3,0,0
10961,MGT402,UBa/HIMS02/13/0043,MANAGEMENT,400,2,2013/2014,,,0,0,0,0
10962,MGT402,UBa/HIMS04/13/0047,MANAGEMENT,400,2,2013/2014,21,49,0,0,0,0
10963,MGT402,UBa/HIMS04/13/0049,MANAGEMENT,400,2,2013/2014,,,0,3,0,0
10964,MGT402,UBa/HIMS04/13/0052,MANAGEMENT,400,2,2013/2014,19,47,0,3,0,0
10965,MGT402,UBa/HIMS04/13/0053,MANAGEMENT,400,2,2013/2014,18,42,0,3,0,0
10966,MGT402,UBa/HIMS04/13/0056,MANAGEMENT,400,2,2013/2014,16,34,0,2,0,0
10967,MGT402,UBa/HIMS04/13/0060,MANAGEMENT,400,2,2013/2014,21,47,0,3,0,0
10968,MGT402,UBa/HIMS04/13/0061,MANAGEMENT,400,2,2013/2014,,,0,1.5,0,0
10969,MGT402,UBa/HIMS04/13/0066,MANAGEMENT,400,2,2013/2014,,,0,0,0,0
10970,MGT402,UBa/HIMS04/13/0067,MANAGEMENT,400,2,2013/2014,,,0,1.5,0,0
10971,MGT402,UBa/HIMS04/13/0075,MANAGEMENT,400,2,2013/2014,20,45,0,3,0,0
10972,MGT402,UBa/HIMS04/13/0082,MANAGEMENT,400,2,2013/2014,19,46,0,3,0,0
10973,MGT402,UBa/HIMS04/13/0084,MANAGEMENT,400,2,2013/2014,18,44,0,3,0,0
10974,MGT402,UBa/HIMS04/13/0091,MANAGEMENT,400,2,2013/2014,18,40,0,0,0,0
10975,MGT402,UBa/HIMS04/13/0095,MANAGEMENT,400,2,2013/2014,16,38,0,2,0,0
10976,MGT402,UBa/HIMS04/13/0110,MANAGEMENT,400,2,2013/2014,,,0,0,0,0
10977,MGT402,UBa/HIMS04/13/0102,MANAGEMENT,400,2,2013/2014,,,0,0,0,0
10978,MGT402,UBa/HIMS04/13/0111,MANAGEMENT,400,2,2013/2014,,,0,3,0,0
10979,MGT402,UBa/HIMS04/13/0106,MANAGEMENT,400,2,2013/2014,,,0,0,0,0
10980,MGT402,UBa/HIMS04/13/0114,MANAGEMENT,400,2,2013/2014,,,0,2.5,0,0
10981,MGT402,UBa/HIMS04/13/0133,MANAGEMENT,400,2,2013/2014,14,31,0,1.5,0,0
10982,MGT402,UBa/HIMS04/13/0129,MANAGEMENT,400,2,2013/2014,14,26,0,1,0,0
10983,MGT402,UBa/HIMS04/13/0108,MANAGEMENT,400,2,2013/2014,,,0,1,0,0
10984,MGT402,UBa/HIMS04/13/0117,MANAGEMENT,400,2,2013/2014,16,35,0,2,0,0
10985,MGT402,UBa/HIMS04/13/0125,MANAGEMENT,400,2,2013/2014,18,41,0,2.5,0,0
10986,MGT402,UBa/HIMS04/13/0122,MANAGEMENT,400,2,2013/2014,0,,0,,0,0
10987,MGT402,UBa/HIMS04/13/0093,MANAGEMENT,400,2,2013/2014,0,,0,,0,0
10988,MGT402,UBa/HIMS05/13/0070,MANAGEMENT,400,2,2013/2014,,,0,0,0,0
10989,,,,,,,,,,,,
10990,ENT406,UBa/HIMS04/13/0001,MANAGEMENT,400,2,2013/2014,20,59,3.5,6,0,0
10991,ENT406,UBa/HIMS04/13/0008,MANAGEMENT,400,2,2013/2014,24,58,0,3.5,0,0
10992,ENT406,UBa/HIMS04/13/0012,MANAGEMENT,400,2,2013/2014,20,46,0,0,0,0
10993,ENT406,UBa/HIMS04/13/0013,MANAGEMENT,400,2,2013/2014,21,46,0,3,0,0
10994,ENT406,UBa/HIMS04/13/0021,MANAGEMENT,400,2,2013/2014,20,28,0,1,0,0
10995,ENT406,UBa/HIMS04/13/0022,MANAGEMENT,400,2,2013/2014,,,0,0,0,0
10996,ENT406,UBa/HIMS04/13/0030,MANAGEMENT,400,2,2013/2014,12,27,0,0,0,0
10997,ENT406,UBa/HIMS04/13/0031,MANAGEMENT,400,2,2013/2014,23,51,0,3,0,0
10998,ENT406,UBa/HIMS04/13/0036,MANAGEMENT,400,2,2013/2014,21,61,0,3.5,0,0
10999,ENT406,UBa/HIMS04/13/0042,MANAGEMENT,400,2,2013/2014,,,0,0,0,0
11000,ENT406,UBa/HIMS02/13/0043,MANAGEMENT,400,2,2013/2014,,,0,0,0,0
11001,ENT406,UBa/HIMS04/13/0047,MANAGEMENT,400,2,2013/2014,16,57,0,0,0,0
11002,ENT406,UBa/HIMS04/13/0049,MANAGEMENT,400,2,2013/2014,,,0,1.5,0,0
11003,ENT406,UBa/HIMS04/13/0052,MANAGEMENT,400,2,2013/2014,21,62,0,3.5,0,0
11004,ENT406,UBa/HIMS04/13/0053,MANAGEMENT,400,2,2013/2014,19,56,0,3.5,0,0
11005,ENT406,UBa/HIMS04/13/0056,MANAGEMENT,400,2,2013/2014,20,61,0,3.5,0,0
11006,ENT406,UBa/HIMS04/13/0060,MANAGEMENT,400,2,2013/2014,20,51,0,3,0,0
11007,ENT406,UBa/HIMS04/13/0061,MANAGEMENT,400,2,2013/2014,,,0,3.5,0,0
11008,ENT406,UBa/HIMS04/13/0066,MANAGEMENT,400,2,2013/2014,,,0,0,0,0
11009,ENT406,UBa/HIMS04/13/0067,MANAGEMENT,400,2,2013/2014,,,0,1,0,0
11010,ENT406,UBa/HIMS04/13/0075,MANAGEMENT,400,2,2013/2014,20,57,0,3.5,0,0
11011,ENT406,UBa/HIMS04/13/0082,MANAGEMENT,400,2,2013/2014,15,50,0,3,0,0
11012,ENT406,UBa/HIMS04/13/0084,MANAGEMENT,400,2,2013/2014,12,59,0,3,0,0
11013,ENT406,UBa/HIMS04/13/0091,MANAGEMENT,400,2,2013/2014,19,62,0,0,0,0
11014,ENT406,UBa/HIMS04/13/0095,MANAGEMENT,400,2,2013/2014,4,22,0,0,0,0
11015,ENT406,UBa/HIMS04/13/0110,MANAGEMENT,400,2,2013/2014,,,0,0,0,0
11016,ENT406,UBa/HIMS04/13/0102,MANAGEMENT,400,2,2013/2014,,,0,0,0,0
11017,ENT406,UBa/HIMS04/13/0111,MANAGEMENT,400,2,2013/2014,,,0,3,0,0
11018,ENT406,UBa/HIMS04/13/0106,MANAGEMENT,400,2,2013/2014,,,0,0,0,0
11019,ENT406,UBa/HIMS04/13/0114,MANAGEMENT,400,2,2013/2014,,,0,2,0,0
11020,ENT406,UBa/HIMS04/13/0133,MANAGEMENT,400,2,2013/2014,14,50,0,2.5,0,0
11021,ENT406,UBa/HIMS04/13/0129,MANAGEMENT,400,2,2013/2014,,54,0,1.5,0,0
11022,ENT406,UBa/HIMS04/13/0108,MANAGEMENT,400,2,2013/2014,,,0,3,0,0
11023,ENT406,UBa/HIMS04/13/0117,MANAGEMENT,400,2,2013/2014,20,55,0,3.5,0,0
11024,ENT406,UBa/HIMS04/13/0125,MANAGEMENT,400,2,2013/2014,16,59,0,3.5,0,0
11025,ENT406,UBa/HIMS04/13/0122,MANAGEMENT,400,2,2013/2014,,,0,,0,0
11026,ENT406,UBa/HIMS04/13/0093,MANAGEMENT,400,2,2013/2014,,48,0,1,0,0
11027,ENT406,UBa/HIMS05/13/0070,MANAGEMENT,400,2,2013/2014,,,0,0,0,0
11028,,,,,,,,,,,,
11029,INS402,UBa/HIMS03/13/0002,INSURANCE,400,2,2013/2014,,,0,0,0,0
11030,INS402,UBa/HIMS03/13/0007,INSURANCE,400,2,2013/2014,23,64,0,0,0,0
11031,INS402,UBa/HIMS03/13/0011,INSURANCE,400,2,2013/2014,23,36,0,0,0,0
11032,INS402,UBa/HIMS03/13/0015,INSURANCE,400,2,2013/2014,23,56,0,0,0,0
11033,INS402,UBa/HIMS03/13/0016,INSURANCE,400,2,2013/2014,23,55,0,0,0,0
11034,INS402,UBa/HIMS03/13/0019,INSURANCE,400,2,2013/2014,,44,0,0,0,0
11035,INS402,UBa/HIMS03/13/0029,INSURANCE,400,2,2013/2014,23,35,0,0,0,0
11036,INS402,UBa/HIMS03/13/0039,INSURANCE,400,2,2013/2014,23,54,0,0,0,0
11037,INS402,UBa/HIMS03/13/0057,INSURANCE,400,2,2013/2014,23,46,0,0,0,0
11038,INS402,UBa/HIMS03/13/0074,INSURANCE,400,2,2013/2014,23,61,4,0,0,0
11039,INS402,UBa/HIMS03/13/0080,INSURANCE,400,2,2013/2014,24,45,0,0,0,0
11040,INS402,UBa/HIMS03/13/0081,INSURANCE,400,2,2013/2014,23,43,0,0,0,0
11041,INS402,UBa/HIMS03/13/0112,INSURANCE,400,2,2013/2014,23,29,0,0,0,0
11042,INS402,UBa/HIMS03/13/0015,INSURANCE,400,2,2013/2014,,,0,0,0,0
11043,INS402,UBa/HIMS03/13/0104,INSURANCE,400,2,2013/2014,24,57,0,0,0,0
11044,INS402,UBa/HIMS03/13/0107,INSURANCE,400,2,2013/2014,24,51,0,0,0,0
11045,INS402,UBa/HIMS03/13/0109,INSURANCE,400,2,2013/2014,23,49,0,0,0,0
11046,INS402,UBa/HIMS03/13/0085,INSURANCE,400,2,2013/2014,24,,0,0,0,0
11047,INS402,UBa/HIMS03/13/0097,INSURANCE,400,2,2013/2014,23,39,0,0,0,0
11048,INS402,UBa/HIMS03/13/0120,INSURANCE,400,2,2013/2014,23,,0,0,0,0
11049,INS402,UBa/HIMS03/13/0124,INSURANCE,400,2,2013/2014,24,40,0,0,0,0
11050,INS402,UBa/HIMS03/13/0098,INSURANCE,400,2,2013/2014,23,31,0,0,0,0
11051,INS402,UBa/HIMS03/13/0140,INSURANCE,400,2,2013/2014,24,48,0,0,0,0
11052,INS402,UBa/HIMS03/13/0138,INSURANCE,400,2,2013/2014,24,44,0,0,0,0
11053,,,,,2,2013/2014,,,F,,,
11054,INS404,UBa/HIMS03/13/0002,INSURANCE,400,2,2013/2014,,,0,0,0,0
11055,INS404,UBa/HIMS03/13/0007,INSURANCE,400,2,2013/2014,27,38,0,0,0,0
11056,INS404,UBa/HIMS03/13/0011,INSURANCE,400,2,2013/2014,27,34,0,0,0,0
11057,INS404,UBa/HIMS03/13/0015,INSURANCE,400,2,2013/2014,27,38,0,0,0,0
11058,INS404,UBa/HIMS03/13/0016,INSURANCE,400,2,2013/2014,27,35,0,0,0,0
11059,INS404,UBa/HIMS03/13/0019,INSURANCE,400,2,2013/2014,29,33,0,0,0,0
11060,INS404,UBa/HIMS03/13/0029,INSURANCE,400,2,2013/2014,27,24,0,0,0,0
11061,INS404,UBa/HIMS03/13/0039,INSURANCE,400,2,2013/2014,29,48,0,0,0,0
11062,INS404,UBa/HIMS03/13/0057,INSURANCE,400,2,2013/2014,28,40,0,0,0,0
11063,INS404,UBa/HIMS03/13/0074,INSURANCE,400,2,2013/2014,29,37,,0,0,0
11064,INS404,UBa/HIMS03/13/0080,INSURANCE,400,2,2013/2014,,,0,0,0,0
11065,INS404,UBa/HIMS03/13/0081,INSURANCE,400,2,2013/2014,,27,0,0,0,0
11066,INS404,UBa/HIMS03/13/0112,INSURANCE,400,2,2013/2014,27,35,0,0,0,0
11067,INS404,UBa/HIMS03/13/0015,INSURANCE,400,2,2013/2014,,,0,0,0,0
11068,INS404,UBa/HIMS03/13/0104,INSURANCE,400,2,2013/2014,27,30,0,0,0,0
11069,INS404,UBa/HIMS03/13/0107,INSURANCE,400,2,2013/2014,27,,0,0,0,0
11070,INS404,UBa/HIMS03/13/0109,INSURANCE,400,2,2013/2014,28,34,0,0,0,0
11071,INS404,UBa/HIMS03/13/0085,INSURANCE,400,2,2013/2014,,33,0,0,0,0
11072,INS404,UBa/HIMS03/13/0097,INSURANCE,400,2,2013/2014,26,18,0,0,0,0
11073,INS404,UBa/HIMS03/13/0120,INSURANCE,400,2,2013/2014,16,,0,0,0,0
11074,INS404,UBa/HIMS03/13/0124,INSURANCE,400,2,2013/2014,26,41,0,0,0,0
11075,INS404,UBa/HIMS03/13/0098,INSURANCE,400,2,2013/2014,24,17,0,0,0,0
11076,INS404,UBa/HIMS03/13/0140,INSURANCE,400,2,2013/2014,26,34,0,0,0,0
11077,INS404,UBa/HIMS03/13/0138,INSURANCE,400,2,2013/2014,28,33,0,0,0,0
11078,,,,,2,2013/2014,,,F,,,
11079,ENT408,UBa/HIMS03/13/0002,INSURANCE,400,2,2013/2014,,,0,0,0,0
11080,ENT408,UBa/HIMS03/13/0007,INSURANCE,400,2,2013/2014,10,52,0,0,0,0
11081,ENT408,UBa/HIMS03/13/0011,INSURANCE,400,2,2013/2014,,39,0,0,0,0
11082,ENT408,UBa/HIMS03/13/0015,INSURANCE,400,2,2013/2014,18,38,0,0,0,0
11083,ENT408,UBa/HIMS03/13/0016,INSURANCE,400,2,2013/2014,4,43,0,0,0,0
11084,ENT408,UBa/HIMS03/13/0019,INSURANCE,400,2,2013/2014,18,53,0,0,0,0
11085,ENT408,UBa/HIMS03/13/0029,INSURANCE,400,2,2013/2014,15,32,0,0,0,0
11086,ENT408,UBa/HIMS03/13/0039,INSURANCE,400,2,2013/2014,,49,0,0,0,0
11087,ENT408,UBa/HIMS03/13/0057,INSURANCE,400,2,2013/2014,12,56,0,0,0,0
11088,ENT408,UBa/HIMS03/13/0074,INSURANCE,400,2,2013/2014,14,48,3,0,0,0
11089,ENT408,UBa/HIMS03/13/0080,INSURANCE,400,2,2013/2014,10,48,0,0,0,0
11090,ENT408,UBa/HIMS03/13/0081,INSURANCE,400,2,2013/2014,,,0,0,0,0
11091,ENT408,UBa/HIMS03/13/0112,INSURANCE,400,2,2013/2014,22,55,0,0,0,0
11092,ENT408,UBa/HIMS03/13/0015,INSURANCE,400,2,2013/2014,,,0,0,0,0
11093,ENT408,UBa/HIMS03/13/0104,INSURANCE,400,2,2013/2014,25,42,0,0,0,0
11094,ENT408,UBa/HIMS03/13/0107,INSURANCE,400,2,2013/2014,14,45,0,0,0,0
11095,ENT408,UBa/HIMS03/13/0109,INSURANCE,400,2,2013/2014,14,50,0,0,0,0
11096,ENT408,UBa/HIMS03/13/0085,INSURANCE,400,2,2013/2014,18,18,0,0,0,0
11097,ENT408,UBa/HIMS03/13/0097,INSURANCE,400,2,2013/2014,18,48,0,0,0,0
11098,ENT408,UBa/HIMS03/13/0120,INSURANCE,400,2,2013/2014,,,0,0,0,0
11099,ENT408,UBa/HIMS03/13/0124,INSURANCE,400,2,2013/2014,16,48,0,0,0,0
11100,ENT408,UBa/HIMS03/13/0098,INSURANCE,400,2,2013/2014,18,38,0,0,0,0
11101,ENT408,UBa/HIMS03/13/0140,INSURANCE,400,2,2013/2014,,53,0,0,0,0
11102,ENT408,UBa/HIMS03/13/0138,INSURANCE,400,2,2013/2014,,48,0,0,0,0
11103,,,,,2,2013/2014,,,F,,,
11104,INS408,UBa/HIMS03/13/0002,INSURANCE,400,2,2013/2014,,,0,0,0,0
11105,INS408,UBa/HIMS03/13/0007,INSURANCE,400,2,2013/2014,14,34,0,0,0,0
11106,INS408,UBa/HIMS03/13/0011,INSURANCE,400,2,2013/2014,,34,0,0,0,0
11107,INS408,UBa/HIMS03/13/0015,INSURANCE,400,2,2013/2014,25,46,0,0,0,0
11108,INS408,UBa/HIMS03/13/0016,INSURANCE,400,2,2013/2014,13,32,0,0,0,0
11109,INS408,UBa/HIMS03/13/0019,INSURANCE,400,2,2013/2014,23,46,0,0,0,0
11110,INS408,UBa/HIMS03/13/0029,INSURANCE,400,2,2013/2014,24,34,0,0,0,0
11111,INS408,UBa/HIMS03/13/0039,INSURANCE,400,2,2013/2014,22,40,0,0,0,0
11112,INS408,UBa/HIMS03/13/0057,INSURANCE,400,2,2013/2014,18,52,0,0,0,0
11113,INS408,UBa/HIMS03/13/0074,INSURANCE,400,2,2013/2014,26,64,4,0,0,0
11114,INS408,UBa/HIMS03/13/0080,INSURANCE,400,2,2013/2014,22,46,0,0,0,0
11115,INS408,UBa/HIMS03/13/0081,INSURANCE,400,2,2013/2014,13,20,0,0,0,0
11116,INS408,UBa/HIMS03/13/0112,INSURANCE,400,2,2013/2014,24,26,0,0,0,0
11117,INS408,UBa/HIMS03/13/0015,INSURANCE,400,2,2013/2014,,,0,0,0,0
11118,INS408,UBa/HIMS03/13/0104,INSURANCE,400,2,2013/2014,27,46,0,0,0,0
11119,INS408,UBa/HIMS03/13/0107,INSURANCE,400,2,2013/2014,18,32,0,0,0,0
11120,INS408,UBa/HIMS03/13/0109,INSURANCE,400,2,2013/2014,15,42,0,0,0,0
11121,INS408,UBa/HIMS03/13/0085,INSURANCE,400,2,2013/2014,23,46,0,0,0,0
11122,INS408,UBa/HIMS03/13/0097,INSURANCE,400,2,2013/2014,24,42,0,0,0,0
11123,INS408,UBa/HIMS03/13/0120,INSURANCE,400,2,2013/2014,,,0,0,0,0
11124,INS408,UBa/HIMS03/13/0124,INSURANCE,400,2,2013/2014,15,42,0,0,0,0
11125,INS408,UBa/HIMS03/13/0098,INSURANCE,400,2,2013/2014,24,48,0,0,0,0
11126,INS408,UBa/HIMS03/13/0140,INSURANCE,400,2,2013/2014,23,40,0,0,0,0
11127,INS408,UBa/HIMS03/13/0138,INSURANCE,400,2,2013/2014,24,38,0,0,0,0
11128,,,,,2,2013/2014,,,F,,,
11129,MKT402,UBa/HIMS05/13/0014,MARKETING,400,2,2013/2014,17,39,0,0,0,0
11130,MKT402,UBa/HIMS05/13/0018,MARKETING,400,2,2013/2014,15,36,0,0,0,0
11131,MKT402,UBa/HIMS05/13/0023,MARKETING,400,2,2013/2014,19,41,0,0,0,0
11132,MKT402,UBa/HIMS05/13/0044,MARKETING,400,2,2013/2014,18,40,0,0,0,0
11133,MKT402,UBa/HIMS05/13/0058,MARKETING,400,2,2013/2014,20,46,0,0,0,0
11134,MKT402,UBa/HIMS05/13/0071,MARKETING,400,2,2013/2014,18,39,0,0,0,0
11135,MKT402,UBa/HIMS05/13/0073,MARKETING,400,2,2013/2014,20,38,2.5,6,0,0
11136,MKT402,UBa/HIMS05/13/0081,MARKETING,400,2,2013/2014,21,40,0,0,0,0
11137,MKT402,UBa/HIMS05/13/0141,MARKETING,400,2,2013/2014,0,,0,0,0,0
11138,MKT402,UBa/HIMS05/13/0083,MARKETING,400,2,2013/2014,18,42,0,0,0,0
11139,MKT402,UBa/HIMS05/13/0131,MARKETING,400,2,2013/2014,0,,0,0,0,0
11140,MKT402,UBa/HIMS05/13/0137,MARKETING,400,2,2013/2014,22,46,0,0,0,0
11141,MKT402,UBa/HIMS05/13/0139,MARKETING,400,2,2013/2014,18,46,0,0,0,0
11142,MKT402,UBa/HIMS05/13/0136,MARKETING,400,2,2013/2014,18,38,0,0,0,0
11143,MKT402,UBa/HIMS05/13/0148,MARKETING,400,2,2013/2014,12,28,0,0,0,0
11144,MKT402,UBa/HIMS05/13/0142,MARKETING,400,2,2013/2014,18,40,0,0,0,0
11145,MKT402,UBa/HIMS05/13/077,MARKETING,400,2,2013/2014,18,30,0,0,0,0
11146,,,,,,,,,,,,
11147,MKT404,UBa/HIMS05/13/0014,MARKETING,400,2,2013/2014,19,25,0,0,0,0
11148,MKT404,UBa/HIMS05/13/0018,MARKETING,400,2,2013/2014,20,43,0,0,0,0
11149,MKT404,UBa/HIMS05/13/0023,MARKETING,400,2,2013/2014,16,37,0,0,0,0
11150,MKT404,UBa/HIMS05/13/0044,MARKETING,400,2,2013/2014,15,30,0,0,0,0
11151,MKT404,UBa/HIMS05/13/0058,MARKETING,400,2,2013/2014,18,44,0,0,0,0
11152,MKT404,UBa/HIMS05/13/0071,MARKETING,400,2,2013/2014,22,46,0,0,0,0
11153,MKT404,UBa/HIMS05/13/0073,MARKETING,400,2,2013/2014,18.28571429,38,2.5,6,0,0
11154,MKT404,UBa/HIMS05/13/0081,MARKETING,400,2,2013/2014,17.42857143,36,0,0,0,0
11155,MKT404,UBa/HIMS05/13/0141,MARKETING,400,2,2013/2014,,,0,0,0,0
11156,MKT404,UBa/HIMS05/13/0083,MARKETING,400,2,2013/2014,21.71428571,46,0,0,0,0
11157,MKT404,UBa/HIMS05/13/0131,MARKETING,400,2,2013/2014,,,0,0,0,0
11158,MKT404,UBa/HIMS05/13/0137,MARKETING,400,2,2013/2014,,,0,0,0,0
11159,MKT404,UBa/HIMS05/13/0139,MARKETING,400,2,2013/2014,20,42,0,0,0,0
11160,MKT404,UBa/HIMS05/13/0136,MARKETING,400,2,2013/2014,17,35,0,0,0,0
11161,MKT404,UBa/HIMS05/13/0148,MARKETING,400,2,2013/2014,18.28571429,38,0,0,0,0
11162,MKT404,UBa/HIMS05/13/0142,MARKETING,400,2,2013/2014,19,38,0,0,0,0
11163,MKT404,UBa/HIMS05/13/077,MARKETING,400,2,2013/2014,17,35,0,0,0,0
11164,,,,,2,2013/2014,,,F,,,
11165,ENT408,UBa/HIMS05/13/0014,MARKETING,400,2,2013/2014,,5,0,0,0,0
11166,ENT408,UBa/HIMS05/13/0018,MARKETING,400,2,2013/2014,20,41,0,0,0,0
11167,ENT408,UBa/HIMS05/13/0023,MARKETING,400,2,2013/2014,18,54,0,0,0,0
11168,ENT408,UBa/HIMS05/13/0044,MARKETING,400,2,2013/2014,12,17,0,0,0,0
11169,ENT408,UBa/HIMS05/13/0058,MARKETING,400,2,2013/2014,,51,0,0,0,0
11170,ENT408,UBa/HIMS05/13/0071,MARKETING,400,2,2013/2014,24,56,0,0,0,0
11171,ENT408,UBa/HIMS05/13/0073,MARKETING,400,2,2013/2014,24,52,3.5,6,0,0
11172,ENT408,UBa/HIMS05/13/0081,MARKETING,400,2,2013/2014,16,42,0,0,0,0
11173,ENT408,UBa/HIMS05/13/0141,MARKETING,400,2,2013/2014,,,0,0,0,0
11174,ENT408,UBa/HIMS05/13/0083,MARKETING,400,2,2013/2014,,63,0,0,0,0
11175,ENT408,UBa/HIMS05/13/0131,MARKETING,400,2,2013/2014,,,0,0,0,0
11176,ENT408,UBa/HIMS05/13/0137,MARKETING,400,2,2013/2014,,39,0,0,0,0
11177,ENT408,UBa/HIMS05/13/0139,MARKETING,400,2,2013/2014,,47,0,0,0,0
11178,ENT408,UBa/HIMS05/13/0136,MARKETING,400,2,2013/2014,22,37,0,0,0,0
11179,ENT408,UBa/HIMS05/13/0148,MARKETING,400,2,2013/2014,26,17,0,0,0,0
11180,ENT408,UBa/HIMS05/13/0142,MARKETING,400,2,2013/2014,26,43,0,0,0,0
11181,ENT408,UBa/HIMS05/13/077,MARKETING,400,2,2013/2014,21,35,0,0,0,0
11182,,,,,2,2013/2014,,,F,,,
11184,MKT406,UBa/HIMS05/13/0014,MARKETING,400,2,2013/2014,,32,0,0,0,0
11185,MKT406,UBa/HIMS05/13/0018,MARKETING,400,2,2013/2014,21,55,0,0,0,0
11186,MKT406,UBa/HIMS05/13/0023,MARKETING,400,2,2013/2014,,45,0,0,0,0
11187,MKT406,UBa/HIMS05/13/0044,MARKETING,400,2,2013/2014,23,47,0,0,0,0
11188,MKT406,UBa/HIMS05/13/0058,MARKETING,400,2,2013/2014,,53,0,0,0,0
11189,MKT406,UBa/HIMS05/13/0071,MARKETING,400,2,2013/2014,22,65,0,0,0,0
11190,MKT406,UBa/HIMS05/13/0073,MARKETING,400,2,2013/2014,16,59,4,6,0,0
11191,MKT406,UBa/HIMS05/13/0081,MARKETING,400,2,2013/2014,22,25,0,0,0,0
11192,MKT406,UBa/HIMS05/13/0141,MARKETING,400,2,2013/2014,,5,0,0,0,0
11193,MKT406,UBa/HIMS05/13/0083,MARKETING,400,2,2013/2014,21,41,0,0,0,0
11194,MKT406,UBa/HIMS05/13/0131,MARKETING,400,2,2013/2014,,5,0,0,0,0
11195,MKT406,UBa/HIMS05/13/0137,MARKETING,400,2,2013/2014,15,45,0,0,0,0
11196,MKT406,UBa/HIMS05/13/0139,MARKETING,400,2,2013/2014,21,45,0,0,0,0
11197,MKT406,UBa/HIMS05/13/0136,MARKETING,400,2,2013/2014,18,51,0,0,0,0
11198,MKT406,UBa/HIMS05/13/0148,MARKETING,400,2,2013/2014,16,49,0,0,0,0
11199,MKT406,UBa/HIMS05/13/0142,MARKETING,400,2,2013/2014,18,35,0,0,0,0
11200,MKT406,UBa/HIMS05/13/077,MARKETING,400,2,2013/2014,13,55,0,0,0,0
,,,,,,,,,,,,
